graph_id,source,n_nodes,n_edges,n_nodes_reduced,n_edges_reduced,clf_f1,clf_auc,clf_precision,clf_recall,pipeline_cover_size,baseline_cover_size,optimality_gap,cover_valid,feature_extraction_time,pipeline_runtime,baseline_runtime,speedup,node_reduction,edge_reduction,n_forced
0,erdos,7,6,5,4,1.0,1.0,1.0,1.0,4,3,0.3333333333333333,True,0.006225991994142532,0.016363440081477165,0.007576085161417723,0.4629885356437723,0.2857142857142857,0.33333333333333337,2
1,synthetic:small,21,84,21,84,0.8888888888888888,0.6,0.8,1.0,16,16,0.0,True,0.032218914944678545,0.019268676172941923,0.015443012118339539,0.8014568297133676,0.0,0.0,0
2,synthetic:small,48,356,48,356,0.8888888888888888,0.7960687960687961,0.8181818181818182,0.972972972972973,37,37,0.0,True,0.3291257731616497,0.2781912270002067,0.27302921283990145,0.9814443675454172,0.0,0.0,0
3,synthetic:medium,75,225,71,211,0.8363636363636363,0.8194662480376765,0.7540983606557377,0.9387755102040817,50,49,0.02040816326530612,True,0.14031407935544848,0.05909597501158714,0.055389983113855124,0.9372885903480673,0.05333333333333334,0.06222222222222218,10
4,erdos,5,4,3,2,1.0,1.0,1.0,1.0,3,2,0.5,True,0.007269111927598715,0.010562870185822248,0.007451843004673719,0.705475204521189,0.4,0.5,2
5,synthetic:small,42,219,38,195,0.8888888888888888,0.9442970822281167,0.8235294117647058,0.9655172413793104,30,29,0.034482758620689655,True,0.150301244109869,0.027643756940960884,0.027589226141572,0.9980273737934627,0.09523809523809523,0.1095890410958904,18
6,synthetic:small,31,184,30,177,0.8888888888888888,0.8690476190476191,0.8,1.0,24,24,0.0,True,0.12703597592189908,0.04725184431299567,0.047472964972257614,1.0046796196524572,0.03225806451612903,0.03804347826086951,7
7,synthetic:small,32,128,32,128,0.8518518518518519,0.7971014492753623,0.7419354838709677,1.0,23,23,0.0,True,0.0948114711791277,0.027552986051887274,0.02059984626248479,0.7476447824454141,0.0,0.0,0
8,synthetic:medium,106,318,106,318,0.7885714285714286,0.4860947904426165,0.6509433962264151,1.0,69,69,0.0,True,0.14423282211646438,2.477455918677151,2.4965101331472397,1.0076910407674429,0.0,0.0,0
9,synthetic:small,34,102,34,102,0.8235294117647058,0.7689393939393939,0.7241379310344828,0.9545454545454546,22,22,0.0,True,0.04289148701354861,0.026206144131720066,0.018315885681658983,0.6989157042561378,0.0,0.0,0
10,erdos,20,188,20,188,0.9473684210526315,0.9444444444444444,0.9,1.0,18,18,0.0,True,0.08444630121812224,0.06562616024166346,0.06206356082111597,0.945713730508863,0.0,0.0,0
11,erdos,32,66,31,64,0.8444444444444444,0.7791666666666667,0.76,0.95,22,20,0.1,True,0.027004620991647243,0.014556484296917915,0.012788409832865,0.8785369854431626,0.03125,0.030303030303030276,2
12,erdos,22,24,21,23,0.6086956521739131,0.5702479338842975,0.5833333333333334,0.6363636363636364,11,11,0.0,True,0.012612108141183853,0.011352627072483301,0.009263288229703903,0.8159598805246079,0.045454545454545456,0.04166666666666663,1
13,synthetic:medium,88,172,59,111,0.8461538461538461,0.9443561208267091,0.8048780487804879,0.8918918918918919,43,37,0.16216216216216217,True,0.10694232396781445,0.029797424096614122,0.019242143724113703,0.6457653407127962,0.32954545454545453,0.35465116279069764,19
14,erdos,26,28,24,26,0.7142857142857143,0.7455621301775147,0.6666666666666666,0.7692307692307693,13,13,0.0,True,0.015053118113428354,0.012873250059783459,0.011395387817174196,0.8851989796091849,0.07692307692307693,0.0714285714285714,2
15,erdos,12,11,12,11,0.42857142857142855,0.40277777777777773,0.375,0.5,6,6,0.0,True,0.011174374725669622,0.009742493275552988,0.008697025012224913,0.8926898655448409,0.0,0.0,0
16,synthetic:small,49,138,43,121,0.8571428571428571,0.8655172413793104,0.7941176470588235,0.9310344827586207,32,29,0.10344827586206896,True,0.06954209506511688,0.045583318918943405,0.03869837103411555,0.8489590480001968,0.12244897959183673,0.12318840579710144,13
17,synthetic:medium,58,165,48,134,0.8307692307692308,0.9297619047619048,0.7714285714285715,0.9,32,30,0.06666666666666667,True,0.16546955378726125,0.026241303887218237,0.018965282011777163,0.7227263589220839,0.1724137931034483,0.18787878787878787,14
18,synthetic:medium,127,3102,127,3102,0.9504132231404959,0.558695652173913,0.905511811023622,1.0,115,115,0.0,True,15.913878293242306,59.86738495994359,59.87822889443487,1.0001811325899492,0.0,0.0,0
19,erdos,19,31,18,30,0.7692307692307693,0.8409090909090908,0.6666666666666666,0.9090909090909091,11,11,0.0,True,0.01258985698223114,0.01618967903777957,0.012126763816922903,0.7490428802587368,0.05263157894736842,0.032258064516129004,1
20,erdos,11,13,9,11,0.8333333333333334,0.9166666666666667,0.8333333333333334,0.8333333333333334,6,6,0.0,True,0.007408523000776768,0.012273195665329695,0.008935016114264727,0.7280105652927115,0.18181818181818182,0.15384615384615385,2
21,synthetic:medium,125,500,125,500,0.8625592417061612,0.785243741765481,0.7647058823529411,0.9891304347826086,92,92,0.0,True,0.2127100178040564,0.09166266303509474,0.09045682288706303,0.9868448056372742,0.0,0.0,0
22,erdos,31,29,31,29,0.6666666666666666,0.79375,0.75,0.6,15,15,0.0,True,0.016514360904693604,0.013769978191703558,0.010810483247041702,0.7850762794639022,0.0,0.0,0
23,synthetic:medium,88,722,88,722,0.8627450980392157,0.6154411764705883,0.7764705882352941,0.9705882352941176,68,68,0.0,True,1.0984203559346497,3.4600430163554847,3.449255464132875,0.9968822491016391,0.0,0.0,0
24,synthetic:small,37,274,37,274,0.875,0.8405172413793104,0.8,0.9655172413793104,29,29,0.0,True,0.1932583311572671,0.05011600814759731,0.04361745296046138,0.8703297523618211,0.0,0.0,0
25,synthetic:small,25,100,22,88,0.8648648648648649,0.8263888888888888,0.7619047619047619,1.0,17,16,0.0625,True,0.04885460715740919,0.020687727257609367,0.016857674345374107,0.8148635244199438,0.12,0.12,7
26,synthetic:small,44,176,44,176,0.8656716417910447,0.9285714285714285,0.7837837837837838,0.9666666666666667,30,30,0.0,True,0.09760977514088154,0.030588951893150806,0.026995590887963772,0.8825274884298463,0.0,0.0,0
27,erdos,20,18,20,18,0.9411764705882353,0.9949494949494949,1.0,0.8888888888888888,9,9,0.0,True,0.010613830760121346,0.011662889737635851,0.008186870254576206,0.7019589860442033,0.0,0.0,0
28,erdos,6,8,6,8,0.8888888888888888,0.75,0.8,1.0,4,4,0.0,True,0.004425437189638615,0.011650840286165476,0.009029317181557417,0.7749927867674122,0.0,0.0,0
29,synthetic:medium,111,222,111,222,0.7528089887640449,0.47574626865671643,0.6036036036036037,1.0,67,67,0.0,True,0.08782706037163734,1.3904018602333963,1.3641365761868656,0.9811095735716854,0.0,0.0,0
30,erdos,15,15,14,14,0.8571428571428571,0.9642857142857143,0.8571428571428571,0.8571428571428571,7,7,0.0,True,0.009326780214905739,0.016935934778302908,0.008647793903946877,0.5106180448348091,0.06666666666666667,0.06666666666666665,1
31,erdos,6,5,4,3,1.0,1.0,1.0,1.0,3,2,0.5,True,0.00536094605922699,0.00889982609078288,0.0074310931377112865,0.8349706007634587,0.3333333333333333,0.4,1
32,synthetic:medium,148,1852,148,1852,0.9037037037037037,0.8218789407313997,0.8243243243243243,1.0,123,123,0.0,True,7.503118763212115,59.98528405930847,60.02524056797847,1.0006661051839063,0.0,0.0,0
33,synthetic:small,22,73,21,68,0.8125,0.8035714285714286,0.7222222222222222,0.9285714285714286,14,14,0.0,True,0.04510854464024305,0.06921430304646492,0.016496242955327034,0.23833575184962538,0.045454545454545456,0.06849315068493156,5
34,synthetic:medium,78,592,78,592,0.8805970149253731,0.8111111111111111,0.7972972972972973,0.9833333333333333,60,60,0.0,True,1.1384490253403783,2.8950554309412837,2.711695473175496,0.9366644397181124,0.0,0.0,0
35,synthetic:medium,120,464,107,413,0.7333333333333333,0.7645714285714286,0.6875,0.7857142857142857,71,70,0.014285714285714285,True,0.5476516569033265,1.003361334092915,0.18883145926520228,0.18819886002076675,0.10833333333333334,0.10991379310344829,32
36,synthetic:medium,86,86,86,86,0.676923076923077,0.5078463203463204,0.5116279069767442,1.0,44,44,0.0,True,0.05990211386233568,0.06013182504102588,0.05041650403290987,0.8384329595603064,0.0,0.0,0
37,synthetic:medium,96,279,81,232,0.8333333333333334,0.9006076388888888,0.8333333333333334,0.8333333333333334,51,48,0.0625,True,0.3244263040833175,0.08228382980450988,0.03297341475263238,0.4007277594026761,0.15625,0.1684587813620072,22
38,synthetic:small,31,93,31,93,0.8260869565217391,0.7666666666666667,0.76,0.9047619047619048,21,21,0.0,True,0.04710882902145386,0.051643483340740204,0.03665040107443929,0.7096810420904884,0.0,0.0,0
39,erdos,13,12,11,10,0.8333333333333334,0.761904761904762,0.8333333333333334,0.8333333333333334,6,6,0.0,True,0.00989046273753047,0.04226234322413802,0.010535277891904116,0.24928286242980774,0.15384615384615385,0.16666666666666663,2
40,synthetic:small,24,23,10,7,0.7692307692307693,0.9495798319327731,0.8333333333333334,0.7142857142857143,7,7,0.0,True,0.023654995020478964,0.034453694708645344,0.02147066965699196,0.6231746649686427,0.5833333333333334,0.6956521739130435,5
41,synthetic:small,43,156,38,135,0.8363636363636363,0.918859649122807,0.7419354838709677,0.9583333333333334,27,24,0.125,True,0.1571221249178052,0.034805688075721264,0.04377149511128664,1.2575960290185868,0.11627906976744186,0.13461538461538458,12
42,synthetic:small,21,38,18,32,0.6086956521739131,0.6454545454545454,0.5833333333333334,0.6363636363636364,12,11,0.09090909090909091,True,0.020982475019991398,0.049411376006901264,0.0460809008218348,0.9325969957889597,0.14285714285714285,0.1578947368421053,5
43,erdos,28,50,26,48,0.8571428571428571,0.8802083333333334,0.7894736842105263,0.9375,18,16,0.125,True,0.02286689868196845,0.05148672079667449,0.01369076082482934,0.26590858017342645,0.07142857142857142,0.040000000000000036,2
44,synthetic:small,20,53,20,53,0.896551724137931,0.945054945054945,0.8125,1.0,13,13,0.0,True,0.025746700819581747,0.01810553390532732,0.01942596398293972,1.0729296404357278,0.0,0.0,0
45,synthetic:small,45,180,45,180,0.88,0.8556149732620322,0.8048780487804879,0.9705882352941176,34,34,0.0,True,0.09343553194776177,0.09611387318000197,0.0541163207963109,0.563043804248341,0.0,0.0,0
46,synthetic:small,46,397,46,397,0.9047619047619048,0.7796052631578947,0.8260869565217391,1.0,38,38,0.0,True,0.4848101520910859,0.8215862978249788,0.8235876718536019,1.0024359875936606,0.0,0.0,0
47,erdos,29,56,24,50,0.9032258064516129,0.9285714285714285,0.875,0.9333333333333333,16,15,0.06666666666666667,True,0.03077698778361082,0.06386640295386314,0.017572049982845783,0.27513761806093523,0.1724137931034483,0.1071428571428571,5
48,erdos,18,33,17,30,0.7692307692307693,0.8701298701298701,0.6666666666666666,0.9090909090909091,12,11,0.09090909090909091,True,0.020025859121233225,0.015615166164934635,0.04426772799342871,2.834918791503876,0.05555555555555555,0.09090909090909094,3
49,synthetic:medium,137,274,137,274,0.7488584474885844,0.40521064301552107,0.5985401459854015,1.0,82,82,0.0,True,0.14009513799101114,10.08510139817372,9.319777856115252,0.9241134509369378,0.0,0.0,0
