run,feature_id,feature_name,feature_type,importance
erdos,f86,rw_degree,RW,40.9746
erdos,f14,gdv_orbit_1,GDV,13.6146
erdos,f94,rw_min_neighbor_degree,RW,12.2089
erdos,f102,rw_avg_dist_2hop_nbrs,RW,11.8241
erdos,f88,rw_return_prob_t2,RW,9.1835
erdos,f105,rw_triangle_count,RW,9.0047
erdos,f1,vsko_sym3,VSKO,7.9374
erdos,f13,gdv_orbit_0,GDV,6.929
erdos,f0,vsko_sym2_1,VSKO,6.7143
erdos,f97,rw_betweenness_centrality,RW,6.5212
erdos,f100,rw_core_number,RW,5.6745
erdos,f89,rw_return_prob_t4,RW,4.7873
erdos,f103,rw_hitting_time_proxy,RW,4.2006
erdos,f92,rw_avg_neighbor_degree,RW,3.662
erdos,f16,gdv_orbit_3,GDV,3.5854
erdos,f91,rw_local_clustering,RW,3.2552
erdos,f93,rw_max_neighbor_degree,RW,3.0151
erdos,f29,gdv_orbit_16,GDV,2.9158
erdos,f35,gdv_orbit_22,GDV,2.9107
erdos,f104,rw_commute_time_proxy,RW,2.8744
erdos,f87,rw_degree_normalized,RW,2.8079
erdos,f30,gdv_orbit_17,GDV,2.771
erdos,f96,rw_closeness_centrality,RW,2.7404
erdos,f99,rw_pagerank,RW,2.7093
erdos,f95,rw_degree_centrality,RW,2.6387
erdos,f21,gdv_orbit_8,GDV,2.5863
erdos,f34,gdv_orbit_21,GDV,2.5488
erdos,f98,rw_eigenvector_centrality,RW,2.4779
erdos,f22,gdv_orbit_9,GDV,2.4314
erdos,f33,gdv_orbit_20,GDV,2.3302
erdos,f101,rw_eccentricity,RW,2.3039
erdos,f90,rw_stationary_prob,RW,2.2283
erdos,f37,gdv_orbit_24,GDV,1.9266
erdos_synthetic-small,f86,rw_degree,RW,39.8313
erdos_synthetic-small,f87,rw_degree_normalized,RW,23.4576
erdos_synthetic-small,f94,rw_min_neighbor_degree,RW,17.0503
erdos_synthetic-small,f95,rw_degree_centrality,RW,16.9149
erdos_synthetic-small,f103,rw_hitting_time_proxy,RW,14.1489
erdos_synthetic-small,f102,rw_avg_dist_2hop_nbrs,RW,11.3326
erdos_synthetic-small,f14,gdv_orbit_1,GDV,11.0852
erdos_synthetic-small,f88,rw_return_prob_t2,RW,10.3988
erdos_synthetic-small,f100,rw_core_number,RW,10.0359
erdos_synthetic-small,f97,rw_betweenness_centrality,RW,9.797
erdos_synthetic-small,f89,rw_return_prob_t4,RW,9.7388
erdos_synthetic-small,f16,gdv_orbit_3,GDV,7.0098
erdos_synthetic-small,f0,vsko_sym2_1,VSKO,6.5993
erdos_synthetic-small,f105,rw_triangle_count,RW,6.3203
erdos_synthetic-small,f13,gdv_orbit_0,GDV,5.7842
erdos_synthetic-small,f92,rw_avg_neighbor_degree,RW,5.4071
erdos_synthetic-small,f1,vsko_sym3,VSKO,5.2727
erdos_synthetic-small,f104,rw_commute_time_proxy,RW,4.8065
erdos_synthetic-small,f22,gdv_orbit_9,GDV,4.2388
erdos_synthetic-small,f29,gdv_orbit_16,GDV,3.6693
erdos_synthetic-small,f98,rw_eigenvector_centrality,RW,3.613
erdos_synthetic-small,f37,gdv_orbit_24,GDV,3.494
erdos_synthetic-small,f30,gdv_orbit_17,GDV,3.4803
erdos_synthetic-small,f90,rw_stationary_prob,RW,3.463
erdos_synthetic-small,f93,rw_max_neighbor_degree,RW,3.4614
erdos_synthetic-small,f96,rw_closeness_centrality,RW,3.4211
erdos_synthetic-small,f91,rw_local_clustering,RW,3.4144
erdos_synthetic-small,f35,gdv_orbit_22,GDV,3.3967
erdos_synthetic-small,f99,rw_pagerank,RW,3.3156
erdos_synthetic-small,f21,gdv_orbit_8,GDV,3.2362
erdos_synthetic-small,f33,gdv_orbit_20,GDV,3.2002
erdos_synthetic-small,f34,gdv_orbit_21,GDV,3.181
erdos_synthetic-small,f101,rw_eccentricity,RW,2.8289
erdos_synthetic-small_synthetic-medium,f86,rw_degree,RW,79.389
erdos_synthetic-small_synthetic-medium,f14,gdv_orbit_1,GDV,38.4475
erdos_synthetic-small_synthetic-medium,f94,rw_min_neighbor_degree,RW,23.5554
erdos_synthetic-small_synthetic-medium,f88,rw_return_prob_t2,RW,17.0173
erdos_synthetic-small_synthetic-medium,f105,rw_triangle_count,RW,14.5265
erdos_synthetic-small_synthetic-medium,f16,gdv_orbit_3,GDV,12.947
erdos_synthetic-small_synthetic-medium,f89,rw_return_prob_t4,RW,12.5584
erdos_synthetic-small_synthetic-medium,f100,rw_core_number,RW,11.6992
erdos_synthetic-small_synthetic-medium,f92,rw_avg_neighbor_degree,RW,10.3544
erdos_synthetic-small_synthetic-medium,f1,vsko_sym3,VSKO,9.0238
erdos_synthetic-small_synthetic-medium,f102,rw_avg_dist_2hop_nbrs,RW,8.715
erdos_synthetic-small_synthetic-medium,f103,rw_hitting_time_proxy,RW,8.425
erdos_synthetic-small_synthetic-medium,f97,rw_betweenness_centrality,RW,8.1672
erdos_synthetic-small_synthetic-medium,f0,vsko_sym2_1,VSKO,7.5497
erdos_synthetic-small_synthetic-medium,f13,gdv_orbit_0,GDV,6.9551
erdos_synthetic-small_synthetic-medium,f22,gdv_orbit_9,GDV,5.5223
erdos_synthetic-small_synthetic-medium,f37,gdv_orbit_24,GDV,5.4468
erdos_synthetic-small_synthetic-medium,f93,rw_max_neighbor_degree,RW,4.6888
erdos_synthetic-small_synthetic-medium,f104,rw_commute_time_proxy,RW,4.6807
erdos_synthetic-small_synthetic-medium,f95,rw_degree_centrality,RW,4.3373
erdos_synthetic-small_synthetic-medium,f87,rw_degree_normalized,RW,4.196
erdos_synthetic-small_synthetic-medium,f96,rw_closeness_centrality,RW,4.1864
erdos_synthetic-small_synthetic-medium,f91,rw_local_clustering,RW,4.1121
erdos_synthetic-small_synthetic-medium,f99,rw_pagerank,RW,3.977
erdos_synthetic-small_synthetic-medium,f30,gdv_orbit_17,GDV,3.9745
erdos_synthetic-small_synthetic-medium,f29,gdv_orbit_16,GDV,3.9379
erdos_synthetic-small_synthetic-medium,f98,rw_eigenvector_centrality,RW,3.9275
erdos_synthetic-small_synthetic-medium,f21,gdv_orbit_8,GDV,3.75
erdos_synthetic-small_synthetic-medium,f35,gdv_orbit_22,GDV,3.6523
erdos_synthetic-small_synthetic-medium,f34,gdv_orbit_21,GDV,3.5252
erdos_synthetic-small_synthetic-medium,f101,rw_eccentricity,RW,3.4275
erdos_synthetic-small_synthetic-medium,f33,gdv_orbit_20,GDV,3.4094
erdos_synthetic-small_synthetic-medium,f90,rw_stationary_prob,RW,3.2402
erdos_synthetic-small_synthetic-medium_synthetic-large,f86,rw_degree,RW,120.7482
erdos_synthetic-small_synthetic-medium_synthetic-large,f14,gdv_orbit_1,GDV,66.9832
erdos_synthetic-small_synthetic-medium_synthetic-large,f88,rw_return_prob_t2,RW,25.4995
erdos_synthetic-small_synthetic-medium_synthetic-large,f94,rw_min_neighbor_degree,RW,23.4083
erdos_synthetic-small_synthetic-medium_synthetic-large,f100,rw_core_number,RW,17.6705
erdos_synthetic-small_synthetic-medium_synthetic-large,f16,gdv_orbit_3,GDV,14.4295
erdos_synthetic-small_synthetic-medium_synthetic-large,f89,rw_return_prob_t4,RW,14.2963
erdos_synthetic-small_synthetic-medium_synthetic-large,f92,rw_avg_neighbor_degree,RW,13.3136
erdos_synthetic-small_synthetic-medium_synthetic-large,f1,vsko_sym3,VSKO,9.8508
erdos_synthetic-small_synthetic-medium_synthetic-large,f105,rw_triangle_count,RW,9.4469
erdos_synthetic-small_synthetic-medium_synthetic-large,f103,rw_hitting_time_proxy,RW,7.7204
erdos_synthetic-small_synthetic-medium_synthetic-large,f102,rw_avg_dist_2hop_nbrs,RW,7.1964
erdos_synthetic-small_synthetic-medium_synthetic-large,f13,gdv_orbit_0,GDV,6.7536
erdos_synthetic-small_synthetic-medium_synthetic-large,f0,vsko_sym2_1,VSKO,6.6928
erdos_synthetic-small_synthetic-medium_synthetic-large,f22,gdv_orbit_9,GDV,6.5625
erdos_synthetic-small_synthetic-medium_synthetic-large,f97,rw_betweenness_centrality,RW,6.4033
erdos_synthetic-small_synthetic-medium_synthetic-large,f93,rw_max_neighbor_degree,RW,5.2851
erdos_synthetic-small_synthetic-medium_synthetic-large,f29,gdv_orbit_16,GDV,4.5108
erdos_synthetic-small_synthetic-medium_synthetic-large,f104,rw_commute_time_proxy,RW,4.5054
erdos_synthetic-small_synthetic-medium_synthetic-large,f96,rw_closeness_centrality,RW,4.2962
erdos_synthetic-small_synthetic-medium_synthetic-large,f87,rw_degree_normalized,RW,4.2675
erdos_synthetic-small_synthetic-medium_synthetic-large,f101,rw_eccentricity,RW,4.1509
erdos_synthetic-small_synthetic-medium_synthetic-large,f37,gdv_orbit_24,GDV,4.1329
erdos_synthetic-small_synthetic-medium_synthetic-large,f99,rw_pagerank,RW,3.9242
erdos_synthetic-small_synthetic-medium_synthetic-large,f91,rw_local_clustering,RW,3.9085
erdos_synthetic-small_synthetic-medium_synthetic-large,f30,gdv_orbit_17,GDV,3.8241
erdos_synthetic-small_synthetic-medium_synthetic-large,f34,gdv_orbit_21,GDV,3.8152
erdos_synthetic-small_synthetic-medium_synthetic-large,f35,gdv_orbit_22,GDV,3.8148
erdos_synthetic-small_synthetic-medium_synthetic-large,f95,rw_degree_centrality,RW,3.7707
erdos_synthetic-small_synthetic-medium_synthetic-large,f33,gdv_orbit_20,GDV,3.6958
erdos_synthetic-small_synthetic-medium_synthetic-large,f21,gdv_orbit_8,GDV,3.6692
erdos_synthetic-small_synthetic-medium_synthetic-large,f98,rw_eigenvector_centrality,RW,3.5659
erdos_synthetic-small_synthetic-medium_synthetic-large,f90,rw_stationary_prob,RW,3.451
erdos_synthetic-small_synthetic-medium_tudataset-MUTAG_tudataset-NCI1_tudataset-PROTEINS,f86,rw_degree,RW,114.1084
erdos_synthetic-small_synthetic-medium_tudataset-MUTAG_tudataset-NCI1_tudataset-PROTEINS,f105,rw_triangle_count,RW,42.5093
erdos_synthetic-small_synthetic-medium_tudataset-MUTAG_tudataset-NCI1_tudataset-PROTEINS,f16,gdv_orbit_3,GDV,41.2582
erdos_synthetic-small_synthetic-medium_tudataset-MUTAG_tudataset-NCI1_tudataset-PROTEINS,f14,gdv_orbit_1,GDV,34.1341
erdos_synthetic-small_synthetic-medium_tudataset-MUTAG_tudataset-NCI1_tudataset-PROTEINS,f88,rw_return_prob_t2,RW,28.8756
erdos_synthetic-small_synthetic-medium_tudataset-MUTAG_tudataset-NCI1_tudataset-PROTEINS,f94,rw_min_neighbor_degree,RW,27.2031
erdos_synthetic-small_synthetic-medium_tudataset-MUTAG_tudataset-NCI1_tudataset-PROTEINS,f89,rw_return_prob_t4,RW,18.6102
erdos_synthetic-small_synthetic-medium_tudataset-MUTAG_tudataset-NCI1_tudataset-PROTEINS,f100,rw_core_number,RW,16.0217
erdos_synthetic-small_synthetic-medium_tudataset-MUTAG_tudataset-NCI1_tudataset-PROTEINS,f13,gdv_orbit_0,GDV,15.2703
erdos_synthetic-small_synthetic-medium_tudataset-MUTAG_tudataset-NCI1_tudataset-PROTEINS,f0,vsko_sym2_1,VSKO,13.3051
erdos_synthetic-small_synthetic-medium_tudataset-MUTAG_tudataset-NCI1_tudataset-PROTEINS,f1,vsko_sym3,VSKO,10.0943
erdos_synthetic-small_synthetic-medium_tudataset-MUTAG_tudataset-NCI1_tudataset-PROTEINS,f92,rw_avg_neighbor_degree,RW,9.489
erdos_synthetic-small_synthetic-medium_tudataset-MUTAG_tudataset-NCI1_tudataset-PROTEINS,f97,rw_betweenness_centrality,RW,8.6769
erdos_synthetic-small_synthetic-medium_tudataset-MUTAG_tudataset-NCI1_tudataset-PROTEINS,f103,rw_hitting_time_proxy,RW,7.5503
erdos_synthetic-small_synthetic-medium_tudataset-MUTAG_tudataset-NCI1_tudataset-PROTEINS,f102,rw_avg_dist_2hop_nbrs,RW,7.305
erdos_synthetic-small_synthetic-medium_tudataset-MUTAG_tudataset-NCI1_tudataset-PROTEINS,f22,gdv_orbit_9,GDV,6.0308
erdos_synthetic-small_synthetic-medium_tudataset-MUTAG_tudataset-NCI1_tudataset-PROTEINS,f91,rw_local_clustering,RW,5.8849
erdos_synthetic-small_synthetic-medium_tudataset-MUTAG_tudataset-NCI1_tudataset-PROTEINS,f104,rw_commute_time_proxy,RW,5.436
erdos_synthetic-small_synthetic-medium_tudataset-MUTAG_tudataset-NCI1_tudataset-PROTEINS,f87,rw_degree_normalized,RW,5.334
erdos_synthetic-small_synthetic-medium_tudataset-MUTAG_tudataset-NCI1_tudataset-PROTEINS,f35,gdv_orbit_22,GDV,5.2397
erdos_synthetic-small_synthetic-medium_tudataset-MUTAG_tudataset-NCI1_tudataset-PROTEINS,f96,rw_closeness_centrality,RW,5.2029
erdos_synthetic-small_synthetic-medium_tudataset-MUTAG_tudataset-NCI1_tudataset-PROTEINS,f95,rw_degree_centrality,RW,5.0151
erdos_synthetic-small_synthetic-medium_tudataset-MUTAG_tudataset-NCI1_tudataset-PROTEINS,f34,gdv_orbit_21,GDV,4.9852
erdos_synthetic-small_synthetic-medium_tudataset-MUTAG_tudataset-NCI1_tudataset-PROTEINS,f93,rw_max_neighbor_degree,RW,4.878
erdos_synthetic-small_synthetic-medium_tudataset-MUTAG_tudataset-NCI1_tudataset-PROTEINS,f101,rw_eccentricity,RW,4.7177
erdos_synthetic-small_synthetic-medium_tudataset-MUTAG_tudataset-NCI1_tudataset-PROTEINS,f29,gdv_orbit_16,GDV,4.7146
erdos_synthetic-small_synthetic-medium_tudataset-MUTAG_tudataset-NCI1_tudataset-PROTEINS,f98,rw_eigenvector_centrality,RW,4.6697
erdos_synthetic-small_synthetic-medium_tudataset-MUTAG_tudataset-NCI1_tudataset-PROTEINS,f99,rw_pagerank,RW,4.6477
erdos_synthetic-small_synthetic-medium_tudataset-MUTAG_tudataset-NCI1_tudataset-PROTEINS,f30,gdv_orbit_17,GDV,4.5836
erdos_synthetic-small_synthetic-medium_tudataset-MUTAG_tudataset-NCI1_tudataset-PROTEINS,f33,gdv_orbit_20,GDV,4.3838
erdos_synthetic-small_synthetic-medium_tudataset-MUTAG_tudataset-NCI1_tudataset-PROTEINS,f37,gdv_orbit_24,GDV,4.1997
erdos_synthetic-small_synthetic-medium_tudataset-MUTAG_tudataset-NCI1_tudataset-PROTEINS,f21,gdv_orbit_8,GDV,4.0226
erdos_synthetic-small_synthetic-medium_tudataset-MUTAG_tudataset-NCI1_tudataset-PROTEINS,f90,rw_stationary_prob,RW,3.9936
erdos_tudataset-MUTAG,f86,rw_degree,RW,43.354
erdos_tudataset-MUTAG,f103,rw_hitting_time_proxy,RW,26.4427
erdos_tudataset-MUTAG,f94,rw_min_neighbor_degree,RW,13.137
erdos_tudataset-MUTAG,f102,rw_avg_dist_2hop_nbrs,RW,12.3264
erdos_tudataset-MUTAG,f14,gdv_orbit_1,GDV,11.906
erdos_tudataset-MUTAG,f88,rw_return_prob_t2,RW,8.5087
erdos_tudataset-MUTAG,f13,gdv_orbit_0,GDV,7.8209
erdos_tudataset-MUTAG,f105,rw_triangle_count,RW,6.274
erdos_tudataset-MUTAG,f100,rw_core_number,RW,6.0027
erdos_tudataset-MUTAG,f1,vsko_sym3,VSKO,5.8146
erdos_tudataset-MUTAG,f0,vsko_sym2_1,VSKO,4.7852
erdos_tudataset-MUTAG,f16,gdv_orbit_3,GDV,4.785
erdos_tudataset-MUTAG,f92,rw_avg_neighbor_degree,RW,4.0283
erdos_tudataset-MUTAG,f91,rw_local_clustering,RW,3.7822
erdos_tudataset-MUTAG,f89,rw_return_prob_t4,RW,3.7371
erdos_tudataset-MUTAG,f97,rw_betweenness_centrality,RW,3.4924
erdos_tudataset-MUTAG,f101,rw_eccentricity,RW,3.1896
erdos_tudataset-MUTAG,f30,gdv_orbit_17,GDV,2.9885
erdos_tudataset-MUTAG,f96,rw_closeness_centrality,RW,2.9664
erdos_tudataset-MUTAG,f104,rw_commute_time_proxy,RW,2.8639
erdos_tudataset-MUTAG,f34,gdv_orbit_21,GDV,2.7471
erdos_tudataset-MUTAG,f22,gdv_orbit_9,GDV,2.7336
erdos_tudataset-MUTAG,f93,rw_max_neighbor_degree,RW,2.7079
erdos_tudataset-MUTAG,f87,rw_degree_normalized,RW,2.702
erdos_tudataset-MUTAG,f29,gdv_orbit_16,GDV,2.6944
erdos_tudataset-MUTAG,f21,gdv_orbit_8,GDV,2.6617
erdos_tudataset-MUTAG,f99,rw_pagerank,RW,2.6453
erdos_tudataset-MUTAG,f98,rw_eigenvector_centrality,RW,2.611
erdos_tudataset-MUTAG,f35,gdv_orbit_22,GDV,2.5111
erdos_tudataset-MUTAG,f95,rw_degree_centrality,RW,2.4824
erdos_tudataset-MUTAG,f33,gdv_orbit_20,GDV,2.4415
erdos_tudataset-MUTAG,f37,gdv_orbit_24,GDV,2.2353
erdos_tudataset-MUTAG,f90,rw_stationary_prob,RW,2.2337
erdos_tudataset-MUTAG_tudataset-NCI1_tudataset-PROTEINS,f86,rw_degree,RW,81.5525
erdos_tudataset-MUTAG_tudataset-NCI1_tudataset-PROTEINS,f14,gdv_orbit_1,GDV,29.7275
erdos_tudataset-MUTAG_tudataset-NCI1_tudataset-PROTEINS,f94,rw_min_neighbor_degree,RW,18.5194
erdos_tudataset-MUTAG_tudataset-NCI1_tudataset-PROTEINS,f16,gdv_orbit_3,GDV,17.6482
erdos_tudataset-MUTAG_tudataset-NCI1_tudataset-PROTEINS,f13,gdv_orbit_0,GDV,16.7385
erdos_tudataset-MUTAG_tudataset-NCI1_tudataset-PROTEINS,f105,rw_triangle_count,RW,14.71
erdos_tudataset-MUTAG_tudataset-NCI1_tudataset-PROTEINS,f88,rw_return_prob_t2,RW,14.324
erdos_tudataset-MUTAG_tudataset-NCI1_tudataset-PROTEINS,f1,vsko_sym3,VSKO,12.3411
erdos_tudataset-MUTAG_tudataset-NCI1_tudataset-PROTEINS,f100,rw_core_number,RW,11.905
erdos_tudataset-MUTAG_tudataset-NCI1_tudataset-PROTEINS,f89,rw_return_prob_t4,RW,10.1891
erdos_tudataset-MUTAG_tudataset-NCI1_tudataset-PROTEINS,f0,vsko_sym2_1,VSKO,8.4111
erdos_tudataset-MUTAG_tudataset-NCI1_tudataset-PROTEINS,f102,rw_avg_dist_2hop_nbrs,RW,5.5574
erdos_tudataset-MUTAG_tudataset-NCI1_tudataset-PROTEINS,f92,rw_avg_neighbor_degree,RW,5.211
erdos_tudataset-MUTAG_tudataset-NCI1_tudataset-PROTEINS,f35,gdv_orbit_22,GDV,4.7091
erdos_tudataset-MUTAG_tudataset-NCI1_tudataset-PROTEINS,f91,rw_local_clustering,RW,4.489
erdos_tudataset-MUTAG_tudataset-NCI1_tudataset-PROTEINS,f104,rw_commute_time_proxy,RW,4.1811
erdos_tudataset-MUTAG_tudataset-NCI1_tudataset-PROTEINS,f97,rw_betweenness_centrality,RW,4.1074
erdos_tudataset-MUTAG_tudataset-NCI1_tudataset-PROTEINS,f34,gdv_orbit_21,GDV,4.0787
erdos_tudataset-MUTAG_tudataset-NCI1_tudataset-PROTEINS,f30,gdv_orbit_17,GDV,4.0562
erdos_tudataset-MUTAG_tudataset-NCI1_tudataset-PROTEINS,f93,rw_max_neighbor_degree,RW,4.0395
erdos_tudataset-MUTAG_tudataset-NCI1_tudataset-PROTEINS,f99,rw_pagerank,RW,3.9584
erdos_tudataset-MUTAG_tudataset-NCI1_tudataset-PROTEINS,f96,rw_closeness_centrality,RW,3.9006
erdos_tudataset-MUTAG_tudataset-NCI1_tudataset-PROTEINS,f101,rw_eccentricity,RW,3.8901
erdos_tudataset-MUTAG_tudataset-NCI1_tudataset-PROTEINS,f33,gdv_orbit_20,GDV,3.7882
erdos_tudataset-MUTAG_tudataset-NCI1_tudataset-PROTEINS,f22,gdv_orbit_9,GDV,3.7747
erdos_tudataset-MUTAG_tudataset-NCI1_tudataset-PROTEINS,f95,rw_degree_centrality,RW,3.7581
erdos_tudataset-MUTAG_tudataset-NCI1_tudataset-PROTEINS,f87,rw_degree_normalized,RW,3.6895
erdos_tudataset-MUTAG_tudataset-NCI1_tudataset-PROTEINS,f98,rw_eigenvector_centrality,RW,3.5725
erdos_tudataset-MUTAG_tudataset-NCI1_tudataset-PROTEINS,f29,gdv_orbit_16,GDV,3.5512
erdos_tudataset-MUTAG_tudataset-NCI1_tudataset-PROTEINS,f103,rw_hitting_time_proxy,RW,3.3521
erdos_tudataset-MUTAG_tudataset-NCI1_tudataset-PROTEINS,f21,gdv_orbit_8,GDV,3.3359
erdos_tudataset-MUTAG_tudataset-NCI1_tudataset-PROTEINS,f37,gdv_orbit_24,GDV,3.292
erdos_tudataset-MUTAG_tudataset-NCI1_tudataset-PROTEINS,f90,rw_stationary_prob,RW,3.2196
synthetic-medium,f86,rw_degree,RW,73.5068
synthetic-medium,f14,gdv_orbit_1,GDV,31.4873
synthetic-medium,f88,rw_return_prob_t2,RW,16.4419
synthetic-medium,f89,rw_return_prob_t4,RW,14.2889
synthetic-medium,f94,rw_min_neighbor_degree,RW,10.5297
synthetic-medium,f103,rw_hitting_time_proxy,RW,10.0067
synthetic-medium,f100,rw_core_number,RW,8.3313
synthetic-medium,f16,gdv_orbit_3,GDV,7.624
synthetic-medium,f105,rw_triangle_count,RW,6.6111
synthetic-medium,f87,rw_degree_normalized,RW,6.4449
synthetic-medium,f102,rw_avg_dist_2hop_nbrs,RW,6.4258
synthetic-medium,f1,vsko_sym3,VSKO,6.3355
synthetic-medium,f92,rw_avg_neighbor_degree,RW,6.1238
synthetic-medium,f0,vsko_sym2_1,VSKO,5.2809
synthetic-medium,f97,rw_betweenness_centrality,RW,5.1305
synthetic-medium,f90,rw_stationary_prob,RW,4.4742
synthetic-medium,f13,gdv_orbit_0,GDV,4.2414
synthetic-medium,f96,rw_closeness_centrality,RW,4.1199
synthetic-medium,f93,rw_max_neighbor_degree,RW,4.0942
synthetic-medium,f91,rw_local_clustering,RW,4.0234
synthetic-medium,f29,gdv_orbit_16,GDV,4.0095
synthetic-medium,f98,rw_eigenvector_centrality,RW,3.9289
synthetic-medium,f104,rw_commute_time_proxy,RW,3.8895
synthetic-medium,f30,gdv_orbit_17,GDV,3.8788
synthetic-medium,f22,gdv_orbit_9,GDV,3.7472
synthetic-medium,f37,gdv_orbit_24,GDV,3.6492
synthetic-medium,f101,rw_eccentricity,RW,3.4764
synthetic-medium,f34,gdv_orbit_21,GDV,3.4008
synthetic-medium,f99,rw_pagerank,RW,3.3267
synthetic-medium,f35,gdv_orbit_22,GDV,3.2693
synthetic-medium,f21,gdv_orbit_8,GDV,3.1607
synthetic-medium,f33,gdv_orbit_20,GDV,3.137
synthetic-medium,f95,rw_degree_centrality,RW,2.8763
synthetic-small,f86,rw_degree,RW,38.4077
synthetic-small,f14,gdv_orbit_1,GDV,36.9966
synthetic-small,f94,rw_min_neighbor_degree,RW,15.2077
synthetic-small,f105,rw_triangle_count,RW,8.2488
synthetic-small,f100,rw_core_number,RW,8.2443
synthetic-small,f102,rw_avg_dist_2hop_nbrs,RW,8.087
synthetic-small,f88,rw_return_prob_t2,RW,7.7142
synthetic-small,f97,rw_betweenness_centrality,RW,7.5208
synthetic-small,f89,rw_return_prob_t4,RW,6.6443
synthetic-small,f92,rw_avg_neighbor_degree,RW,5.3231
synthetic-small,f16,gdv_orbit_3,GDV,5.1766
synthetic-small,f1,vsko_sym3,VSKO,4.9381
synthetic-small,f0,vsko_sym2_1,VSKO,4.0645
synthetic-small,f87,rw_degree_normalized,RW,3.8385
synthetic-small,f104,rw_commute_time_proxy,RW,3.8313
synthetic-small,f90,rw_stationary_prob,RW,3.7962
synthetic-small,f103,rw_hitting_time_proxy,RW,3.7657
synthetic-small,f96,rw_closeness_centrality,RW,3.5432
synthetic-small,f98,rw_eigenvector_centrality,RW,3.5302
synthetic-small,f22,gdv_orbit_9,GDV,3.484
synthetic-small,f93,rw_max_neighbor_degree,RW,3.4316
synthetic-small,f95,rw_degree_centrality,RW,3.4086
synthetic-small,f13,gdv_orbit_0,GDV,3.4059
synthetic-small,f30,gdv_orbit_17,GDV,3.2596
synthetic-small,f29,gdv_orbit_16,GDV,3.2248
synthetic-small,f33,gdv_orbit_20,GDV,3.22
synthetic-small,f99,rw_pagerank,RW,3.1498
synthetic-small,f91,rw_local_clustering,RW,3.1064
synthetic-small,f34,gdv_orbit_21,GDV,2.9633
synthetic-small,f37,gdv_orbit_24,GDV,2.9455
synthetic-small,f21,gdv_orbit_8,GDV,2.8963
synthetic-small,f101,rw_eccentricity,RW,2.6465
synthetic-small,f35,gdv_orbit_22,GDV,2.6248
tudataset-MUTAG,f94,rw_min_neighbor_degree,RW,44.6319
tudataset-MUTAG,f86,rw_degree,RW,22.3729
tudataset-MUTAG,f14,gdv_orbit_1,GDV,17.2995
tudataset-MUTAG,f92,rw_avg_neighbor_degree,RW,13.7266
tudataset-MUTAG,f88,rw_return_prob_t2,RW,7.2664
tudataset-MUTAG,f89,rw_return_prob_t4,RW,6.4934
tudataset-MUTAG,f103,rw_hitting_time_proxy,RW,4.3539
tudataset-MUTAG,f97,rw_betweenness_centrality,RW,3.9842
tudataset-MUTAG,f100,rw_core_number,RW,2.9969
tudataset-MUTAG,f101,rw_eccentricity,RW,2.6648
tudataset-MUTAG,f104,rw_commute_time_proxy,RW,2.0384
tudataset-MUTAG,f13,gdv_orbit_0,GDV,1.9339
tudataset-MUTAG,f96,rw_closeness_centrality,RW,1.7642
tudataset-MUTAG,f21,gdv_orbit_8,GDV,1.7261
tudataset-MUTAG,f99,rw_pagerank,RW,1.6945
tudataset-MUTAG,f98,rw_eigenvector_centrality,RW,1.6639
tudataset-MUTAG,f22,gdv_orbit_9,GDV,1.5954
tudataset-MUTAG,f87,rw_degree_normalized,RW,1.4665
tudataset-MUTAG,f95,rw_degree_centrality,RW,1.4109
tudataset-MUTAG,f90,rw_stationary_prob,RW,1.3158
tudataset-MUTAG,f93,rw_max_neighbor_degree,RW,1.2463
